⚠️ PENTING: Setelah selesai mengisi, file ini WAJIB di-Save As dengan format CSV (Comma delimited) (*.csv) sebelum diunggah ke aplikasi!;;;;;;;;;;;;;;;;;;
Nama Kategori;"Poin
(Contoh: 100, 200, 300)";"Waktu (Detik)
(Contoh: 30, 45, 60)";Pertanyaan;Jawaban Singkat;;;;;;;;;;;;;;
(Pastikan ejaan persis seperti di web);(Hanya ketik angka);(Hanya ketik angka);Siapakah nama presiden pertama RI?;Soekarno;;;;;;;;;;;;;;
Mega Game;100;30;Empat simbol tombol aksi pada stik PlayStation adalah Segitiga, Lingkaran, Silang, dan...;Kotak (Persegi);;;;;;;;;;;;;;
Mega Game;100;30;Hero Marksman ikonik di Mobile Legends yang bertarung membawa meriam Malefic Gun adalah...;Layla;;;;;;;;;;;;;;
Mega Game;100;30;Di Minecraft, menyiramkan air ke atas sumber lava yang diam akan mengubahnya menjadi blok...;Obsidian;;;;;;;;;;;;;;
Mega Game;100;30;Mata uang virtual resmi yang digunakan untuk membeli item di platform Roblox adalah...;Robux;;;;;;;;;;;;;;
Mega Game;100;30;Gloo Wall, senjata SG2, dan Pulau Bermuda adalah ciri khas dari game...;Free Fire;;;;;;;;;;;;;;
Mega Game;200;30;Hero Tank di Mobile Legends yang bisa berubah menjadi mobil dan mengangkut rekan setimnya adalah...;Johnson;;;;;;;;;;;;;;
Mega Game;200;30;Apa yang terjadi pada peluru kacang Peashooter jika melewati obor Torchwood di Plants vs. Zombies?;Berubah menjadi bola api;;;;;;;;;;;;;;
Mega Game;200;30;Menyusun 4 Iron Block berbentuk huruf T dengan 1 labu di atasnya di Minecraft akan menciptakan...;Iron Golem;;;;;;;;;;;;;;
Mega Game;200;30;Berapa jumlah maksimal bintang Wanted Level saat dikejar polisi dan militer di GTA: San Andreas?;6 bintang;;;;;;;;;;;;;;
Mega Game;200;30;Senjata jarak dekat di PUBG Mobile yang mampu memantulkan peluru saat tergantung di pinggang adalah...;Panci (Pan);;;;;;;;;;;;;;
Mega Game;300;30;Item pertahanan di Mobile Legends yang menghidupkan kembali hero setelah tereliminasi adalah...;Immortality;;;;;;;;;;;;;;
Mega Game;300;30;Urutan kasta material peralatan di Minecraft: Kayu, Batu, Besi, Berlian, dan yang terkuat yaitu...;Netherite;;;;;;;;;;;;;;
Mega Game;300;30;Istilah di Valorant saat satu pemain mengeliminasi kelima pemain lawan sendirian dalam satu ronde adalah...;Ace;;;;;;;;;;;;;;
Mega Game;300;30;Hero Assassin di Mobile Legends yang bermanuver dari dinding ke dinding menggunakan kabel baja adalah...;Fanny;;;;;;;;;;;;;;
Mega Game;300;30;Di Genshin Impact, menggabungkan elemen Api (Pyro) dan Air (Hydro) akan memicu reaksi...;Vaporize;;;;;;;;;;;;;;
Mega Game;400;30;Item aktif di Mobile Legends yang membekukan hero sendiri agar kebal dari semua serangan sesaat adalah...;Winter Crown (Winter Truncheon);;;;;;;;;;;;;;
Mega Game;400;30;Hero Tank di Mobile Legends yang menarik lawan dari kejauhan menggunakan jangkar Iron Hook adalah...;Franco;;;;;;;;;;;;;;
Mega Game;400;30;Kode cheat legendaris di GTA: San Andreas PC untuk menambah darah, armor, dan uang $250.000 adalah...;HESOYAM;;;;;;;;;;;;;;
Mega Game;400;30;Dalam game eFootball atau EA Sports FC, tendangan melengkung akurat ke pojok gawang disebut...;Finesse Shot (Placing);;;;;;;;;;;;;;
Mega Game;400;30;Di Minecraft, memakai item apakah di punggung agar pemain bisa terbang melayang dari ketinggian?;Elytra;;;;;;;;;;;;;;
Mega Game;500;30;Item serangan di Mobile Legends yang berfungsi menembus Physical Defense tebal milik Tank lawan adalah...;Malefic Roar;;;;;;;;;;;;;;
Mega Game;500;30;Item aktif Marksman di Mobile Legends agar kebal terhadap seluruh Physical Damage selama 2 detik adalah...;Wind of Nature (WON);;;;;;;;;;;;;;
Mega Game;500;30;Apa yang terjadi jika pemain mencoba tidur di atas kasur (Bed) saat berada di dimensi Nether Minecraft?;Kasurnya meledak;;;;;;;;;;;;;;
Mega Game;500;30;Hero Mage di Mobile Legends yang skill Ultimate-nya mampu mencuri wujud dan Ultimate lawan adalah...;Valentina;;;;;;;;;;;;;;
Mega Game;500;30;Di Valorant, berapa detik total waktu sejak bom Spike terpasang hingga meledak?;45 detik;;;;;;;;;;;;;;
Woi Wibu;100;30;Koki kru Topi Jerami yang pantang menggunakan tangan saat bertarung.;Sanji;;;;;;;;;;;;;;
Woi Wibu;100;30;Kelemahan permanen yang dialami pemakan Buah Iblis di dunia One Piece.;Tidak bisa berenang;;;;;;;;;;;;;;
Woi Wibu;100;30;Alasan utama Tanjiro selalu menggendong Nezuko di dalam kotak kayu saat siang hari.;Agar tidak terbakar matahari;;;;;;;;;;;;;;
Woi Wibu;100;30;Nama rubah ekor sembilan yang tersegel di dalam tubuh Naruto Uzumaki.;Kurama;;;;;;;;;;;;;;
Woi Wibu;100;30;Tiga petunjuk: Kacamata kotak, dasi kupu-kupu merah, dan tubuh yang menyusut.;Conan Edogawa;;;;;;;;;;;;;;
Woi Wibu;200;30;Gelar bagi sembilan pendekar pedang terkuat di Korps Pembasmi Iblis.;Hashira (Pilar);;;;;;;;;;;;;;
Woi Wibu;200;30;Benda terkutuk yang ditelan Yuji Itadori hingga membangkitkan Ryomen Sukuna.;Jari Sukuna;;;;;;;;;;;;;;
Woi Wibu;200;30;Pekerjaan asli Loid Forger yang disembunyikan dari Anya dan Yor.;Mata-mata (Agen Twilight);;;;;;;;;;;;;;
Woi Wibu;200;30;Organisasi berjubah hitam motif awan merah yang memburu para Jinchuriki.;Akatsuki;;;;;;;;;;;;;;
Woi Wibu;200;30;Iblis gergaji mesin berwujud anjing oranye yang menyatu dengan jantung Denji.;Pochita;;;;;;;;;;;;;;
Woi Wibu;300;30;Kapten bertubuh pendek di Survey Corps yang dijuluki prajurit terkuat umat manusia.;Levi Ackerman;;;;;;;;;;;;;;
Woi Wibu;300;30;Perubahan yang terjadi pada bilah Pedang Nichirin saat pertama kali digenggam pemiliknya.;Berubah warna;;;;;;;;;;;;;;
Woi Wibu;300;30;Posisi pemain sepak bola yang dicari Jinpachi Ego dalam proyek penjara Blue Lock.;Striker (Penyerang);;;;;;;;;;;;;;
Woi Wibu;300;30;Wujud perubahan Luffy yang mengubah rambut dan pakaiannya menjadi serba putih.;Gear 5;;;;;;;;;;;;;;
Woi Wibu;300;30;Julukan bagi tim voli SMA Karasuno tempat Shoyo Hinata dan Kageyama bermain.;Gagak Tak Bersayap (Burung Gagak);;;;;;;;;;;;;;
Woi Wibu;400;30;Teknik puncak memunculkan ruang dimensi kutukan di anime Jujutsu Kaisen.;Domain Expansion (Ryoiki Tenkai);;;;;;;;;;;;;;
Woi Wibu;400;30;Gelar pemimpin tertinggi desa pasir Sunagakure tempat tinggal Gaara.;Kazekage;;;;;;;;;;;;;;
Woi Wibu;400;30;Satu kata perintah bahasa Inggris milik Sung Jin-woo untuk membangkitkan pasukan bayangan.;Arise;;;;;;;;;;;;;;
Woi Wibu;400;30;Kekuatan Quirk yang diwariskan secara turun-temurun dari All Might kepada Deku.;One For All;;;;;;;;;;;;;;
Woi Wibu;400;30;Penyihir elf berambut perak yang gemar mengumpulkan mantra langka dan suka tidur siang.;Frieren;;;;;;;;;;;;;;
Woi Wibu;500;30;Jenis Haki paling langka di One Piece yang hanya dimiliki oleh orang berbakat raja.;Haoshoku Haki (Conqueror's Haki);;;;;;;;;;;;;;
Woi Wibu;500;30;Batas sisa umur maksimal bagi seorang pewaris kekuatan Nine Titans di Attack on Titan.;13 tahun;;;;;;;;;;;;;;
Woi Wibu;500;30;Pulau terakhir di ujung Grand Line tempat Gol D. Roger menyimpan harta karun One Piece.;Laugh Tale;;;;;;;;;;;;;;
Woi Wibu;500;30;Sahabat masa sekolah Satoru Gojo yang berbelok menjadi kutukan dan jasadnya dirasuki Kenjaku.;Suguru Geto;;;;;;;;;;;;;;
Woi Wibu;500;30;Petarung klan Zenin tanpa energi kutukan yang mengandalkan fisik super dan senjata terkutuk.;Toji Fushiguro;;;;;;;;;;;;;;
Marvel x DC;100;30;Bibi yang merawat Peter Parker sejak kepergian Paman Ben.;Bibi May (Aunt May);;;;;;;;;;;;;;
Marvel x DC;100;30;Negeri asal tempat tinggal Thor, Odin, dan Loki.;Asgard;;;;;;;;;;;;;;
Marvel x DC;100;30;Batu mineral hijau yang membuat kekuatan Superman melemah drastis.;Kryptonite;;;;;;;;;;;;;;
Marvel x DC;100;30;Tiga petunjuk: Pohon hidup, sahabat rakun, dan hanya mengucapkan tiga kata yang sama.;Groot;;;;;;;;;;;;;;
Marvel x DC;100;30;Senjata utama yang sama-sama diandalkan oleh Hawkeye dan Green Arrow.;Busur dan Panah;;;;;;;;;;;;;;
Marvel x DC;200;30;Logam terkuat asal Wakanda yang menjadi bahan dasar perisai Captain America.;Vibranium;;;;;;;;;;;;;;
Marvel x DC;200;30;Syarat mutlak bagi seseorang agar mampu mengangkat palu Mjolnir milik Thor.;Memiliki hati yang layak (Worthy);;;;;;;;;;;;;;
Marvel x DC;200;30;Sahabat Peter Parker yang membantunya dari balik layar komputer.;Ned Leeds;;;;;;;;;;;;;;
Marvel x DC;200;30;Kepala pelayan setia yang mengurus Bruce Wayne sekaligus markas Batcave.;Alfred Pennyworth;;;;;;;;;;;;;;
Marvel x DC;200;30;Lanjutan nasihat Paman Ben: Dengan kekuatan yang besar, datang pula...;Tanggung jawab yang besar;;;;;;;;;;;;;;
Marvel x DC;300;30;Senjata kapak baru yang ditempa Thor setelah palu Mjolnir hancur.;Stormbreaker;;;;;;;;;;;;;;
Marvel x DC;300;30;Mantan dokter psikiater di Arkham Asylum yang jatuh cinta pada pasiennya, Joker.;Harley Quinn;;;;;;;;;;;;;;
Marvel x DC;300;30;Direktur berkepala plontos dan berpenutup mata yang membentuk tim Avengers.;Nick Fury;;;;;;;;;;;;;;
Marvel x DC;300;30;Pahlawan penyihir pengguna kekuatan chaos merah yang bernama asli Wanda Maximoff.;Scarlet Witch;;;;;;;;;;;;;;
Marvel x DC;300;30;Tim pahlawan gabungan DC yang beranggotakan Superman, Batman, dan Wonder Woman.;Justice League;;;;;;;;;;;;;;
Marvel x DC;400;30;Robot kecerdasan buatan ciptaan Tony Stark yang berbalik ingin memusnahkan manusia.;Ultron;;;;;;;;;;;;;;
Marvel x DC;400;30;Musuh Spider-Man yang terbang menaiki glider dan melempar bom labu.;Green Goblin;;;;;;;;;;;;;;
Marvel x DC;400;30;Sahabat masa kecil Steve Rogers yang dicuci otak dan diberi lengan logam oleh Hydra.;Bucky Barnes (Winter Soldier);;;;;;;;;;;;;;
Marvel x DC;400;30;Batu Infinity berwarna hijau di dalam kalung Doctor Strange untuk memutar waktu.;Time Stone;;;;;;;;;;;;;;
Marvel x DC;400;30;Putri angkat yang harus dikorbankan Thanos di planet Vormir demi meraih Soul Stone.;Gamora;;;;;;;;;;;;;;
Marvel x DC;500;30;Remaja keturunan Afro-Latino dari Brooklyn yang menjadi Spider-Man berkostum hitam-merah.;Miles Morales;;;;;;;;;;;;;;
Marvel x DC;500;30;Kalimat ikonik terakhir Tony Stark tepat sebelum menjentikkan jari di Avengers: Endgame.;I am Iron Man;;;;;;;;;;;;;;
Marvel x DC;500;30;Logam super keras yang menyelimuti kerangka tulang dan cakar tajam Wolverine.;Adamantium;;;;;;;;;;;;;;
Marvel x DC;500;30;CEO miliarder berkepala botak dari perusahaan LexCorp yang menjadi musuh abadi Superman.;Lex Luthor;;;;;;;;;;;;;;
Marvel x DC;500;30;Perjanjian PBB yang memecah belah kubu Iron Man dan Captain America di film Civil War.;Perjanjian Sokovia (Sokovia Accords);;;;;;;;;;;;;;
Absolute Cinema;100;30;Kasir restoran Krusty Krab yang hobi bermain klarinet dan mudah kesal pada SpongeBob.;Squidward Tentacles;;;;;;;;;;;;;;
Absolute Cinema;100;30;Nama kampung tempat tinggal Upin, Ipin, Opah, dan kawan-kawannya.;Kampung Durian Runtuh;;;;;;;;;;;;;;
Absolute Cinema;100;30;Sahabat BoBoiBoy yang memiliki kekuatan mengubah benda mati menjadi makanan.;Gopal;;;;;;;;;;;;;;
Absolute Cinema;100;30;Manusia salju hidup ciptaan Elsa yang menyukai pelukan hangat di film Frozen.;Olaf;;;;;;;;;;;;;;
Absolute Cinema;100;30;Mainan penjaga luar angkasa yang menjadi sahabat koboi Woody di film Toy Story.;Buzz Lightyear;;;;;;;;;;;;;;
Absolute Cinema;200;30;Kota di dasar samudra tempat restoran Krusty Krab dan Chum Bucket berada.;Bikini Bottom;;;;;;;;;;;;;;
Absolute Cinema;200;30;Lanjutan pantun khas Jarjit Singh: Dua tiga kucing berlari...;Mana nak sama si kucing belang;;;;;;;;;;;;;;
Absolute Cinema;200;30;Karakter emosi baru berwarna oranye di Inside Out 2 yang melambangkan rasa cemas.;Anxiety;;;;;;;;;;;;;;
Absolute Cinema;200;30;Asrama pertama yang dimasuki Harry Potter, Ron, dan Hermione di sekolah Hogwarts.;Gryffindor;;;;;;;;;;;;;;
Absolute Cinema;200;30;Jenis hewan dari karakter polisi wanita Judy Hopps di film animasi Zootopia.;Kelinci;;;;;;;;;;;;;;
Absolute Cinema;300;30;Sosok siluman ular penari yang menguasai desa mistis di film KKN di Desa Penari.;Badarawuhi;;;;;;;;;;;;;;
Absolute Cinema;300;30;Tiga petunjuk: Empat penjaga rumah hantu pasar malam, renovasi wahana, dan kuburan rahasia.;Agak Laen;;;;;;;;;;;;;;
Absolute Cinema;300;30;Benda peninggalan orang tua yang sangat dijaga oleh Don dalam film animasi Jumbo.;Buku dongeng;;;;;;;;;;;;;;
Absolute Cinema;300;30;Olahraga terbang menaiki sapu untuk mencetak poin ke dalam ring di film Harry Potter.;Quidditch;;;;;;;;;;;;;;
Absolute Cinema;300;30;Manusia setengah dewa bertubuh kekar pemilik pancing ajaib di film animasi Moana.;Maui;;;;;;;;;;;;;;
Absolute Cinema;400;30;Tokoh pahlawan nasional yang menjadi objek lukisan target curian di film Mencuri Raden Saleh.;Pangeran Diponegoro;;;;;;;;;;;;;;
Absolute Cinema;400;30;Anak nelayan jenius matematika di film Laskar Pelangi yang bersepeda melewati rawa buaya.;Lintang;;;;;;;;;;;;;;
Absolute Cinema;400;30;Planet indah berhutan lebat tempat tinggal suku Na'vi yang berkulit biru di film Avatar.;Pandora;;;;;;;;;;;;;;
Absolute Cinema;400;30;Syarat utama di film animasi Coco agar arwah leluhur tidak menghilang selamanya di Dunia Arwah.;Fotonya tetap dipajang / diingat keluarga;;;;;;;;;;;;;;
Absolute Cinema;400;30;Nomor jaket peserta yang dikenakan tokoh utama Seong Gi-hun dalam serial Squid Game.;Nomor 456;;;;;;;;;;;;;;
Absolute Cinema;500;30;Piala penghargaan tertinggi bagi insan perfilman nasional pada Festival Film Indonesia.;Piala Citra;;;;;;;;;;;;;;
Absolute Cinema;500;30;Naga hitam langka jenis Night Fury yang diberi ekor buatan oleh sahabatnya, Hiccup.;Toothless;;;;;;;;;;;;;;
Absolute Cinema;500;30;Satu-satunya asrama di Hogwarts selain Gryffindor, Slytherin, dan Ravenclaw.;Hufflepuff;;;;;;;;;;;;;;
Absolute Cinema;500;30;Aktor Indonesia yang memerankan tokoh Dilan sekaligus tokoh Piko sang pelukis.;Iqbaal Ramadhan;;;;;;;;;;;;;;
Absolute Cinema;500;30;Sutradara Hollywood di balik kesuksesan film raksasa Titanic dan Avatar.;James Cameron;;;;;;;;;;;;;;
;;;;;;;;;;;;;;;;;;
;;;;;;;;;;;;;;;;;;
;;;;;;;;;;;;;;;;;;
;;;;;;;;;;;;;;;;;;
;;;;;;;;;;;;;;;;;;
;;;;;;;;;;;;;;;;;;
;;;;;;;;;;;;;;;;;;
;;;;;;;;;;;;;;;;;;
;;;;;;;;;;;;;;;;;;
;;;;;;;;;;;;;;;;;;
;;;;;;;;;;;;;;;;;;
;;;;;;;;;;;;;;;;;;
;;;;;;;;;;;;;;;;;;
;;;;;;;;;;;;;;;;;;
;;;;;;;;;;;;;;;;;;
;;;;;;;;;;;;;;;;;;
;;;;;;;;;;;;;;;;;;
;;;;;;;;;;;;;;;;;;
;;;;;;;;;;;;;;;;;;
;;;;;;;;;;;;;;;;;;
;;;;;;;;;;;;;;;;;;
;;;;;;;;;;;;;;;;;;
;;;;;;;;;;;;;;;;;;
;;;;;;;;;;;;;;;;;;
;;;;;;;;;;;;;;;;;;
;;;;;;;;;;;;;;;;;;
;;;;;;;;;;;;;;;;;;
;;;;;;;;;;;;;;;;;;
;;;;;;;;;;;;;;;;;;
;;;;;;;;;;;;;;;;;;
;;;;;;;;;;;;;;;;;;
;;;;;;;;;;;;;;;;;;
;;;;;;;;;;;;;;;;;;
;;;;;;;;;;;;;;;;;;
;;;;;;;;;;;;;;;;;;
;;;;;;;;;;;;;;;;;;
;;;;;;;;;;;;;;;;;;
;;;;;;;;;;;;;;;;;;
;;;;;;;;;;;;;;;;;;
;;;;;;;;;;;;;;;;;;
;;;;;;;;;;;;;;;;;;
;;;;;;;;;;;;;;;;;;
;;;;;;;;;;;;;;;;;;
;;;;;;;;;;;;;;;;;;
;;;;;;;;;;;;;;;;;;
;;;;;;;;;;;;;;;;;;
;;;;;;;;;;;;;;;;;;
;;;;;;;;;;;;;;;;;;
;;;;;;;;;;;;;;;;;;
;;;;;;;;;;;;;;;;;;
;;;;;;;;;;;;;;;;;;
;;;;;;;;;;;;;;;;;;
;;;;;;;;;;;;;;;;;;
;;;;;;;;;;;;;;;;;;
;;;;;;;;;;;;;;;;;;
;;;;;;;;;;;;;;;;;;
;;;;;;;;;;;;;;;;;;
;;;;;;;;;;;;;;;;;;
;;;;;;;;;;;;;;;;;;
;;;;;;;;;;;;;;;;;;
;;;;;;;;;;;;;;;;;;
;;;;;;;;;;;;;;;;;;
;;;;;;;;;;;;;;;;;;
;;;;;;;;;;;;;;;;;;
;;;;;;;;;;;;;;;;;;
;;;;;;;;;;;;;;;;;;
;;;;;;;;;;;;;;;;;;
;;;;;;;;;;;;;;;;;;
;;;;;;;;;;;;;;;;;;
;;;;;;;;;;;;;;;;;;
;;;;;;;;;;;;;;;;;;
;;;;;;;;;;;;;;;;;;
;;;;;;;;;;;;;;;;;;
;;;;;;;;;;;;;;;;;;
;;;;;;;;;;;;;;;;;;
;;;;;;;;;;;;;;;;;;
;;;;;;;;;;;;;;;;;;
;;;;;;;;;;;;;;;;;;
;;;;;;;;;;;;;;;;;;
;;;;;;;;;;;;;;;;;;
;;;;;;;;;;;;;;;;;;
;;;;;;;;;;;;;;;;;;
;;;;;;;;;;;;;;;;;;
;;;;;;;;;;;;;;;;;;
;;;;;;;;;;;;;;;;;;
;;;;;;;;;;;;;;;;;;
;;;;;;;;;;;;;;;;;;
;;;;;;;;;;;;;;;;;;
;;;;;;;;;;;;;;;;;;
;;;;;;;;;;;;;;;;;;
;;;;;;;;;;;;;;;;;;
;;;;;;;;;;;;;;;;;;
;;;;;;;;;;;;;;;;;;
;;;;;;;;;;;;;;;;;;
;;;;;;;;;;;;;;;;;;
;;;;;;;;;;;;;;;;;;
;;;;;;;;;;;;;;;;;;
;;;;;;;;;;;;;;;;;;
;;;;;;;;;;;;;;;;;;
;;;;;;;;;;;;;;;;;;
;;;;;;;;;;;;;;;;;;
;;;;;;;;;;;;;;;;;;
;;;;;;;;;;;;;;;;;;
;;;;;;;;;;;;;;;;;;
;;;;;;;;;;;;;;;;;;
;;;;;;;;;;;;;;;;;;
;;;;;;;;;;;;;;;;;;
;;;;;;;;;;;;;;;;;;
;;;;;;;;;;;;;;;;;;
;;;;;;;;;;;;;;;;;;
;;;;;;;;;;;;;;;;;;
;;;;;;;;;;;;;;;;;;
;;;;;;;;;;;;;;;;;;
;;;;;;;;;;;;;;;;;;
;;;;;;;;;;;;;;;;;;
;;;;;;;;;;;;;;;;;;
;;;;;;;;;;;;;;;;;;
;;;;;;;;;;;;;;;;;;
;;;;;;;;;;;;;;;;;;
;;;;;;;;;;;;;;;;;;
;;;;;;;;;;;;;;;;;;
;;;;;;;;;;;;;;;;;;
;;;;;;;;;;;;;;;;;;
;;;;;;;;;;;;;;;;;;
;;;;;;;;;;;;;;;;;;
;;;;;;;;;;;;;;;;;;
;;;;;;;;;;;;;;;;;;
;;;;;;;;;;;;;;;;;;
;;;;;;;;;;;;;;;;;;
;;;;;;;;;;;;;;;;;;
;;;;;;;;;;;;;;;;;;
;;;;;;;;;;;;;;;;;;
;;;;;;;;;;;;;;;;;;
;;;;;;;;;;;;;;;;;;
;;;;;;;;;;;;;;;;;;
;;;;;;;;;;;;;;;;;;
;;;;;;;;;;;;;;;;;;
;;;;;;;;;;;;;;;;;;
;;;;;;;;;;;;;;;;;;
;;;;;;;;;;;;;;;;;;
;;;;;;;;;;;;;;;;;;
;;;;;;;;;;;;;;;;;;
;;;;;;;;;;;;;;;;;;
;;;;;;;;;;;;;;;;;;
;;;;;;;;;;;;;;;;;;
;;;;;;;;;;;;;;;;;;
;;;;;;;;;;;;;;;;;;
;;;;;;;;;;;;;;;;;;
;;;;;;;;;;;;;;;;;;
;;;;;;;;;;;;;;;;;;
;;;;;;;;;;;;;;;;;;
;;;;;;;;;;;;;;;;;;
;;;;;;;;;;;;;;;;;;
;;;;;;;;;;;;;;;;;;
;;;;;;;;;;;;;;;;;;
;;;;;;;;;;;;;;;;;;
;;;;;;;;;;;;;;;;;;
;;;;;;;;;;;;;;;;;;
;;;;;;;;;;;;;;;;;;
;;;;;;;;;;;;;;;;;;
;;;;;;;;;;;;;;;;;;
;;;;;;;;;;;;;;;;;;
;;;;;;;;;;;;;;;;;;
;;;;;;;;;;;;;;;;;;
;;;;;;;;;;;;;;;;;;
;;;;;;;;;;;;;;;;;;
;;;;;;;;;;;;;;;;;;
;;;;;;;;;;;;;;;;;;
;;;;;;;;;;;;;;;;;;
;;;;;;;;;;;;;;;;;;
;;;;;;;;;;;;;;;;;;
;;;;;;;;;;;;;;;;;;
;;;;;;;;;;;;;;;;;;
;;;;;;;;;;;;;;;;;;
;;;;;;;;;;;;;;;;;;
;;;;;;;;;;;;;;;;;;
;;;;;;;;;;;;;;;;;;
;;;;;;;;;;;;;;;;;;
;;;;;;;;;;;;;;;;;;
;;;;;;;;;;;;;;;;;;
;;;;;;;;;;;;;;;;;;
;;;;;;;;;;;;;;;;;;
;;;;;;;;;;;;;;;;;;
;;;;;;;;;;;;;;;;;;
;;;;;;;;;;;;;;;;;;
;;;;;;;;;;;;;;;;;;
;;;;;;;;;;;;;;;;;;
;;;;;;;;;;;;;;;;;;
;;;;;;;;;;;;;;;;;;
;;;;;;;;;;;;;;;;;;
;;;;;;;;;;;;;;;;;;
;;;;;;;;;;;;;;;;;;
;;;;;;;;;;;;;;;;;;
;;;;;;;;;;;;;;;;;;
;;;;;;;;;;;;;;;;;;
;;;;;;;;;;;;;;;;;;
;;;;;;;;;;;;;;;;;;
;;;;;;;;;;;;;;;;;;
;;;;;;;;;;;;;;;;;;
;;;;;;;;;;;;;;;;;;
;;;;;;;;;;;;;;;;;;
;;;;;;;;;;;;;;;;;;
;;;;;;;;;;;;;;;;;;
;;;;;;;;;;;;;;;;;;
;;;;;;;;;;;;;;;;;;
;;;;;;;;;;;;;;;;;;
;;;;;;;;;;;;;;;;;;
;;;;;;;;;;;;;;;;;;
;;;;;;;;;;;;;;;;;;
;;;;;;;;;;;;;;;;;;
;;;;;;;;;;;;;;;;;;
;;;;;;;;;;;;;;;;;;
;;;;;;;;;;;;;;;;;;
;;;;;;;;;;;;;;;;;;
;;;;;;;;;;;;;;;;;;
;;;;;;;;;;;;;;;;;;
;;;;;;;;;;;;;;;;;;
;;;;;;;;;;;;;;;;;;
;;;;;;;;;;;;;;;;;;
;;;;;;;;;;;;;;;;;;
;;;;;;;;;;;;;;;;;;
;;;;;;;;;;;;;;;;;;
;;;;;;;;;;;;;;;;;;
;;;;;;;;;;;;;;;;;;
;;;;;;;;;;;;;;;;;;
;;;;;;;;;;;;;;;;;;
;;;;;;;;;;;;;;;;;;
;;;;;;;;;;;;;;;;;;
;;;;;;;;;;;;;;;;;;
;;;;;;;;;;;;;;;;;;
;;;;;;;;;;;;;;;;;;
;;;;;;;;;;;;;;;;;;
;;;;;;;;;;;;;;;;;;
;;;;;;;;;;;;;;;;;;
;;;;;;;;;;;;;;;;;;
;;;;;;;;;;;;;;;;;;
;;;;;;;;;;;;;;;;;;
;;;;;;;;;;;;;;;;;;
;;;;;;;;;;;;;;;;;;
;;;;;;;;;;;;;;;;;;
;;;;;;;;;;;;;;;;;;
;;;;;;;;;;;;;;;;;;
;;;;;;;;;;;;;;;;;;
;;;;;;;;;;;;;;;;;;
;;;;;;;;;;;;;;;;;;
;;;;;;;;;;;;;;;;;;
;;;;;;;;;;;;;;;;;;
;;;;;;;;;;;;;;;;;;
;;;;;;;;;;;;;;;;;;
;;;;;;;;;;;;;;;;;;
;;;;;;;;;;;;;;;;;;
;;;;;;;;;;;;;;;;;;
;;;;;;;;;;;;;;;;;;
;;;;;;;;;;;;;;;;;;
;;;;;;;;;;;;;;;;;;
;;;;;;;;;;;;;;;;;;
;;;;;;;;;;;;;;;;;;
;;;;;;;;;;;;;;;;;;
;;;;;;;;;;;;;;;;;;
;;;;;;;;;;;;;;;;;;
;;;;;;;;;;;;;;;;;;
;;;;;;;;;;;;;;;;;;
;;;;;;;;;;;;;;;;;;
;;;;;;;;;;;;;;;;;;
;;;;;;;;;;;;;;;;;;
;;;;;;;;;;;;;;;;;;
;;;;;;;;;;;;;;;;;;
;;;;;;;;;;;;;;;;;;
;;;;;;;;;;;;;;;;;;
;;;;;;;;;;;;;;;;;;
;;;;;;;;;;;;;;;;;;
;;;;;;;;;;;;;;;;;;
;;;;;;;;;;;;;;;;;;
;;;;;;;;;;;;;;;;;;
;;;;;;;;;;;;;;;;;;
;;;;;;;;;;;;;;;;;;
;;;;;;;;;;;;;;;;;;
;;;;;;;;;;;;;;;;;;
;;;;;;;;;;;;;;;;;;
;;;;;;;;;;;;;;;;;;
;;;;;;;;;;;;;;;;;;
;;;;;;;;;;;;;;;;;;
;;;;;;;;;;;;;;;;;;
;;;;;;;;;;;;;;;;;;
;;;;;;;;;;;;;;;;;;
;;;;;;;;;;;;;;;;;;
;;;;;;;;;;;;;;;;;;
;;;;;;;;;;;;;;;;;;
;;;;;;;;;;;;;;;;;;
;;;;;;;;;;;;;;;;;;
;;;;;;;;;;;;;;;;;;
;;;;;;;;;;;;;;;;;;
;;;;;;;;;;;;;;;;;;
;;;;;;;;;;;;;;;;;;
;;;;;;;;;;;;;;;;;;
;;;;;;;;;;;;;;;;;;
;;;;;;;;;;;;;;;;;;
;;;;;;;;;;;;;;;;;;
;;;;;;;;;;;;;;;;;;
;;;;;;;;;;;;;;;;;;
;;;;;;;;;;;;;;;;;;
;;;;;;;;;;;;;;;;;;
;;;;;;;;;;;;;;;;;;
;;;;;;;;;;;;;;;;;;
;;;;;;;;;;;;;;;;;;
;;;;;;;;;;;;;;;;;;
;;;;;;;;;;;;;;;;;;
;;;;;;;;;;;;;;;;;;
;;;;;;;;;;;;;;;;;;
;;;;;;;;;;;;;;;;;;
;;;;;;;;;;;;;;;;;;
;;;;;;;;;;;;;;;;;;
;;;;;;;;;;;;;;;;;;
;;;;;;;;;;;;;;;;;;
;;;;;;;;;;;;;;;;;;
;;;;;;;;;;;;;;;;;;
;;;;;;;;;;;;;;;;;;
;;;;;;;;;;;;;;;;;;
;;;;;;;;;;;;;;;;;;
;;;;;;;;;;;;;;;;;;
;;;;;;;;;;;;;;;;;;
;;;;;;;;;;;;;;;;;;
;;;;;;;;;;;;;;;;;;
;;;;;;;;;;;;;;;;;;
;;;;;;;;;;;;;;;;;;
;;;;;;;;;;;;;;;;;;
;;;;;;;;;;;;;;;;;;
;;;;;;;;;;;;;;;;;;
;;;;;;;;;;;;;;;;;;
;;;;;;;;;;;;;;;;;;
;;;;;;;;;;;;;;;;;;
;;;;;;;;;;;;;;;;;;
;;;;;;;;;;;;;;;;;;
;;;;;;;;;;;;;;;;;;
;;;;;;;;;;;;;;;;;;
;;;;;;;;;;;;;;;;;;
;;;;;;;;;;;;;;;;;;
;;;;;;;;;;;;;;;;;;
;;;;;;;;;;;;;;;;;;
;;;;;;;;;;;;;;;;;;
;;;;;;;;;;;;;;;;;;
;;;;;;;;;;;;;;;;;;
;;;;;;;;;;;;;;;;;;
;;;;;;;;;;;;;;;;;;
;;;;;;;;;;;;;;;;;;
;;;;;;;;;;;;;;;;;;
;;;;;;;;;;;;;;;;;;
;;;;;;;;;;;;;;;;;;
;;;;;;;;;;;;;;;;;;
;;;;;;;;;;;;;;;;;;
;;;;;;;;;;;;;;;;;;
;;;;;;;;;;;;;;;;;;
;;;;;;;;;;;;;;;;;;
;;;;;;;;;;;;;;;;;;
;;;;;;;;;;;;;;;;;;
;;;;;;;;;;;;;;;;;;
;;;;;;;;;;;;;;;;;;
;;;;;;;;;;;;;;;;;;
;;;;;;;;;;;;;;;;;;
;;;;;;;;;;;;;;;;;;
;;;;;;;;;;;;;;;;;;
;;;;;;;;;;;;;;;;;;
;;;;;;;;;;;;;;;;;;
;;;;;;;;;;;;;;;;;;
;;;;;;;;;;;;;;;;;;
;;;;;;;;;;;;;;;;;;
;;;;;;;;;;;;;;;;;;
;;;;;;;;;;;;;;;;;;
;;;;;;;;;;;;;;;;;;
;;;;;;;;;;;;;;;;;;
;;;;;;;;;;;;;;;;;;
;;;;;;;;;;;;;;;;;;
;;;;;;;;;;;;;;;;;;
;;;;;;;;;;;;;;;;;;
;;;;;;;;;;;;;;;;;;
;;;;;;;;;;;;;;;;;;
;;;;;;;;;;;;;;;;;;
;;;;;;;;;;;;;;;;;;
;;;;;;;;;;;;;;;;;;
;;;;;;;;;;;;;;;;;;
;;;;;;;;;;;;;;;;;;
;;;;;;;;;;;;;;;;;;
;;;;;;;;;;;;;;;;;;
;;;;;;;;;;;;;;;;;;
;;;;;;;;;;;;;;;;;;
;;;;;;;;;;;;;;;;;;
;;;;;;;;;;;;;;;;;;
;;;;;;;;;;;;;;;;;;
;;;;;;;;;;;;;;;;;;
;;;;;;;;;;;;;;;;;;
;;;;;;;;;;;;;;;;;;
;;;;;;;;;;;;;;;;;;
;;;;;;;;;;;;;;;;;;
;;;;;;;;;;;;;;;;;;
;;;;;;;;;;;;;;;;;;
;;;;;;;;;;;;;;;;;;
;;;;;;;;;;;;;;;;;;
